asin,title,price_eur,rating,reviews,product_url,image_url
B0F8L98RLY,"HP Laptop | 15,6"" FHD Display | Intel N100 | 4 GB DDR4 RAM | 128 GB UFS | Intel UHD Graphics | Windows 11 Home im S-Modus | QWERTZ | Natural Silver",1719.55,4.2,167.0,,https://m.media-amazon.com/images/I/71QYTkeRc1L._AC_UY218_.jpg
B0GMCYX8ND,Lenovo ThinkPad T14 G1 Laptop | 14 Zoll | 1920 x 1080 | AMD Ryzen 5 Pro 4650U | 16 GB DDR4 RAM | 256 GB NVMe | DE-QWERTZ | Windows 11 Pro | 1 Jahr Garantie | (Generalüberholt),1936.02,4.8,7.0,,https://m.media-amazon.com/images/I/61R77fhF4bL._AC_UY218_.jpg
B0H28V9JGR,"Laptop 15,6 Zoll 8GB RAM 256GB SSD Notebook Full HD IPS Display Roségold Hintergrundbeleuchtete Tastatur Fingerabdruck-Entsperrung Dual-Band WLAN HDMI USB 3.0 für Schule Studium Home Office A",2119.91,4.8,6.0,,https://m.media-amazon.com/images/I/71he0Tu1jXL._AC_UY218_.jpg
B0DJBQ8Y7K,"HP Chromebook x360 Laptop (14"" HD Touchscreen, Intel N100, Gemini, 4 GB RAM, 128GB, ChromeOS, QWERTZ) - Silber",1719.55,4.2,180.0,,https://m.media-amazon.com/images/I/61NVcVvYSBL._AC_UY218_.jpg
B0CXQ5XM3X,"Lenovo Laptop 15,6 Zoll Full-HD - Intel Quad N5100 4x2.80 GHz, 16GB DDR4, 512 GB SSD, Intel UHD, HDMI, Webcam, Bluetooth, USB 3.0, WLAN, Windows 11 Prof. 64 Bit Notebook - 7606",3289.97,4.2,733.0,,https://m.media-amazon.com/images/I/51qC2ALoc8L._AC_UY218_.jpg
B0F7RBKYC6,"Celeron Quad Core SSD (15,6 Zoll Full-HD) lautloses Notebook (Celeron N3450 4x2.20 GHz, 8GB DDR4, 256 GB SSD, USB 3.0, HD Graphics 500, LAN, m-HDMI, Windows 11, MS Office) - 8028",1389.83,3.5,11.0,,https://m.media-amazon.com/images/I/61d44fqtzSL._AC_UY218_.jpg
B0DS2LB2DT,"Acer Aspire Go 15 | Laptop | Ryzen 7 | 16GB | 512GB | mit Netzteil | 15,6"" FHD IPS Display | AMD Ryzen 7 5825U | 16GB RAM | 512GB SSD | AMD Grafik| Windows 11 | QWERTZ Tastatur | AG15-42P-R8SZ",4182.86,4.3,185.0,,https://m.media-amazon.com/images/I/71znThB0tzL._AC_UY218_.jpg
B0H36N6R5H,"ASUS i3 Laptop 17,3 Zoll FullHD (Intel Core 3 Prozessor 100U, 6 Kerne, 4.70 GHz, 8 GB DDR5 RAM, 256 GB NVME SSD, HDMI, BT, Webcam, USB-C/3.0, WLAN, Windows 11 Prof) Notebook #8605",3132.85,4.7,9.0,,https://m.media-amazon.com/images/I/61FzIWRA3HL._AC_UY218_.jpg
B0F9LFB3HM,"HP Laptop mit 17,3"" HD+ Display, Intel Celeron N4120, 8 GB DDR4 RAM, 256 GB SSD, Intel UHD-Grafik, Windows 11, QWERTZ Tastatur, Schwarz",,4.0,510.0,,https://m.media-amazon.com/images/I/71rnQ0RppgL._AC_UY218_.jpg
B0FZB6MTF3,Lenovo Business Laptop:16 Zoll WUXGA 1920 x1200 Touchscreen • 13th Generation Intel Core i7-1355U • 16GB DDR4 SDRAM • 2TB NVMe SSD • W10P • Wi-Fi 6 FPR Thunderbolt 4 • Intel Iris Xe Grafik,940.28,,,,https://m.media-amazon.com/images/I/61Rbr-OvGLL._AC_UY218_.jpg
B0HF84B5V1,"ASUS Laptop - 17,3 Zoll FHD Display - Intel Core 3 Prozessor 100U, 6 x 4.70 GHz - 16 GB DDR4 RAM - 512 GB SSD - Intel 4K Graphics - Windows 11 Pro - MS Office - #8663",3925.12,4.9,13.0,,https://m.media-amazon.com/images/I/61BrJiX2jeL._AC_UY218_.jpg
B0GTQQ3QWN,"Laptop 18,5 Zoll 16GB RAM 256GB SSD, AI Unterstützung Notebook Core i3 (bis zu 3,9 GHz), 8000mAh Akku, Win 11, WiFi 6, FHD Display 180° Betrachtungswinkel, HDMI, USB-C Multifunktionsanschluss",3768.75,4.7,40.0,,https://m.media-amazon.com/images/I/71se+6ImtZL._AC_UY218_.jpg
B0F8LC8MV3,"HP Laptop mit 17,3"" FHD Display, AMD Ryzen 3 7320U, 8 GB DDR5 RAM, 512 GB SSD, AMD Radeon Grafik, Windows 11, QWERTZ, Schwarz inkl. 25 GB Dropbox-Speicher für 12 Monate",3604.0,4.2,58.0,,https://m.media-amazon.com/images/I/81-i1U9joDL._AC_UY218_.jpg
B0GR19K3BD,BMAX Laptop 15.6 Zoll Full HD Display N95 CPU 4 x 3.4 GHz 512GB SSD 12GB LPDDR5 USB3.2x2 HDMI Webcam Bluetooth WLAN Win11 Pro 64 Bit Notebook für Schüler und Büro mit Deutsche Tastaturschutzfolie,2276.96,4.4,36.0,,https://m.media-amazon.com/images/I/7111SWJi0LL._AC_UY218_.jpg
B0FPD1G32N,"ASUS i5 Laptop 15,6 Zoll FullHD (Intel Core 5 Prozessor 120U, 10 Kerne, 5 GHz, 16 GB DDR5 RAM, 512 GB NVME SSD, HDMI, BT, Webcam, USB-C/3.0, WLAN, Windows 11 Prof) Notebook #8247",4075.07,4.5,294.0,,https://m.media-amazon.com/images/I/61odMlvqWuL._AC_UY218_.jpg
B0DK8NNKVX,"HP EliteBook 830 G6 13,3 Zoll 1920x1080 Full HD Intel Core i5 8365U 256GB SSD Festplatte 8GB Speicher Windows 11 Home Fingerprint inkl. Docking Notebook Laptop (Generalüberholt)",1970.78,4.7,9.0,,https://m.media-amazon.com/images/I/51t-zZCfD2L._AC_UY218_.jpg
B0836CDVVQ,"Acer Aspire Go 16 | Laptop | Core 7 | 16GB | 1TB | mit Netzteil | 16"" WUXGA 120Hz Display | Intel Core 7 150U | 16GB RAM | 1TB SSD | Intel Grafik | Windows 11 | QWERTZ Tastatur |AG16-71P-72R7",5103.63,5.0,7.0,,https://m.media-amazon.com/images/I/71wB46L1hwL._AC_UY218_.jpg
B0GSTYMGQ1,"15.6 Zoll Laptop 16GB RAM 512GB ROM, AI-Unterstützung, AMD R5 (übertrifft i5-13420H, bis zu 3.6GHz), FHD Display Notebook, WiFi 6 USB 3.0, Full-Function Type-C",2983.65,4.6,15.0,,https://m.media-amazon.com/images/I/71iF5cqaFpL._AC_UY218_.jpg
B08369D1K4,"Acer Aspire 17 | Laptop | Intel Core 5 | 16GB | 512GB | mit Netzteil | 17"" FHD IPS Display | Intel Core 5 120U | 16GB RAM | 512GB SSD | Intel Grafik | Windows 11 | QWERTZ Tastatur | A17-51M-51UJ",5488.44,4.5,98.0,,https://m.media-amazon.com/images/I/71PylXfxWbL._AC_UY218_.jpg
B0G2SX5G3J,"Lenovo IdeaPad Slim 3 | Laptop | Ryzen 3 | 8GB | 512GB | Ohne Netzteil | 15.6"" Full HD Display | AMD Ryzen 3 30 | 512GB SSD | 8 GB RAM | AMD Radeon 610M Grafik | QWERTZ | Windows 11 | Blau",3140.7,3.5,20.0,,https://m.media-amazon.com/images/I/61c4NClZAyL._AC_UY218_.jpg
B0G43WRLBZ,"Laptop 15,6 Zoll, 8 GB RAM 256 GB SSD, Full HD IPS Notebook in Roségold, beleuchtete Tastatur, Fingerabdruck, Dual-Band WLAN, für Schule, Studium und Homeoffice",1884.37,3.8,29.0,,https://m.media-amazon.com/images/I/71dXpaOkSLL._AC_UY218_.jpg
B0DD3SWKRK,Laptop 14 Zoll Win 11 Notebook 6GB RAM 256GB SSD Celeron N4020 | SSD Unterstützung 1TB Celeron N4020 (bis2.8GHz) 5000mAh 1920x1080p WiFi Deutscher Tastaturschutz und kabellose Maus-Grey,1570.35,4.0,62.0,,https://m.media-amazon.com/images/I/711KcJYmDzL._AC_UY218_.jpg
B0DTKKSSVH,"Samsung Galaxy Book5 360 15,6"" 2-in-1-Laptop, Convertible AI-Notebook mit Intel Core Ultra 7 Prozessor, 16 GB RAM, 512 GB Speicher, Moonstone Gray, 3 Jahre Herstellergarantie [Exklusiv bei Amazon]",7494.73,4.4,77.0,,https://m.media-amazon.com/images/I/61SwBVfBbrL._AC_UY218_.jpg
B0836QR869,"Acer Aspire 16 AI | Laptop | Ryzen AI 5 | 16GB | 512GB | mit Netzteil | 16"" 120Hz Display | AMD Ryzen AI 5 330 | 16GB RAM | 512GB SSD | Radeon 820M | Windows 11 | QWERTZ Keyboard | A16-61M-R98E",5615.07,4.2,6.0,,https://m.media-amazon.com/images/I/71tm-GkL-5L._AC_UY218_.jpg
B0CLDSTH7F,"Lenovo Laptop - 17,3 Zoll FHD Display - Intel U300 5 x 4.40 GHz - 16 GB DDR4 RAM - 512 GB SSD - Intel UHD Graphics - Windows 11 Pro - MS Office - #7402",4310.68,4.5,616.0,,https://m.media-amazon.com/images/I/51Ou5y5mRdL._AC_UY218_.jpg
B0DVM1KDW8,"Asus Chromebook CX1405CKA#B0DVM1KDW8, Display 14"" FHD, Anti-Glare, Prozessor Intel Celeron N4500, RAM 4GB, 64G eMMC, ChromeOS, Blau",,4.1,180.0,,https://m.media-amazon.com/images/I/71kWElQm8iL._AC_UY218_.jpg
B0H14DBJ73,"Molegar 2026 Laptop 15.6 Zoll,8GB RAM 256GB SSD,N5100 Prozessor,FHD Display,Notebook mit Beleuchtete Tastatur und Fingerabdrucksensor für Studierende und Unternehmen",2355.45,4.4,7.0,,https://m.media-amazon.com/images/I/71jQ+0DKZKL._AC_UY218_.jpg
B0GR1Q73PS,"Apple MacBook Pro Laptop mit M5 Pro Chip mit 18-Core CPU und 20-Core GPU: Entwickelt für KI, 16,2"" Liquid Retina XDR Display, 24 GB gemeinsamer Arbeitsspeicher, 1 TB SSD, WLAN 7; Silber",22136.09,4.7,57.0,,https://m.media-amazon.com/images/I/61MsmWsrtqL._AC_UY218_.jpg
B0CCRS5P4S,"Lenovo (FullHD 15,6 Zoll Gaming Notebook (AMD Ryzen 5 7520U 8-Thread CPU, 4.3 GHz, 16 GB DDR5, 512 GB SSD, Radeon 610M, HDMI, BT, USB 3.0, WLAN, Windows 11 Prof. 64, MS Office) - 7331",3918.1,4.3,422.0,,https://m.media-amazon.com/images/I/51HPh+MK7-L._AC_UY218_.jpg
B0FFH8H1QM,"Acer Nitro V17 AI | Gaming Laptop | Ryzen 7 | RTX 5060 | 16GB | 1TB | 17"" FHD 144Hz Display| AMD Ryzen 7 260 | NVIDIA RTX 5060 | 16GB RAM| 1TB | Windows 11| QWERTZ Tastatur | ANV17-41-R0BS",8636.99,4.3,49.0,,https://m.media-amazon.com/images/I/71chTr95i7L._AC_UY218_.jpg
B0GLQKSVHZ,"Lenovo Laptop, 15,6"" FHD Display, Intel N150, 4 x 3.60 GHz, 128 GB SSD, Intel UHD Graphics, Norton 360, Windows 11, Schwarz",2682.25,4.4,52.0,,https://m.media-amazon.com/images/I/71J5YHHiXFL._AC_UY218_.jpg
B0GT65GL58,"Samsung Galaxy Book4 Edge AI-Laptop, 15,6-Zoll-Display, 16GB RAM, Snapdragon X Plus Prozessor, Notebook 512GB Speicher, Copilot+ PC, Sapphire Blue, 3 Jahre Herstellergarantie [Exklusiv bei Amazon]",4546.22,4.1,10.0,,https://m.media-amazon.com/images/I/71U8WQp-NLL._AC_UY218_.jpg
B08334HRVN,"Acer Nitro V17 AI | Gaming Laptop | Ryzen 9 | RTX 5070 | 32GB | 1TB | 17"" FHD 144Hz Display| AMD Ryzen AI 9 365|NVIDIA RTX 5070 | 32GB RAM| 1TB SSD | Windows 11| QWERTZ Tastatur | ANV17-61-R3KD",12555.23,4.6,32.0,,https://m.media-amazon.com/images/I/71chTr95i7L._AC_UY218_.jpg
B0FW5LZYTG,"Acer Aspire 17 | Laptop | Intel Core 7 | 16GB | 512GB | mit Netzteil | 17"" FHD IPS Display | Intel Core 7 150U | 16GB RAM | 512GB SSD | Intel Grafik | Windows 11 | QWERTZ Tastatur | A17-51M-77PV",5496.29,4.6,168.0,,https://m.media-amazon.com/images/I/71n1cFODugL._AC_UY218_.jpg
B0DG2T77DC,Dell Business Laptop Notebook Latitude 3190 Pentium N5030 4GB 128GB SSD 1366x768 Touchscreen Windows 11 (Generalüberholt),1177.01,4.0,36.0,,https://m.media-amazon.com/images/I/61imjRnHPnL._AC_UY218_.jpg
B0FJTVG363,"Acer Aspire Go 15 | Laptop | Core 7 | 16GB | 1TB | mit Netzteil | 15,6"" FHD IPS Display | Intel Core 7 150U | 16GB RAM | 1TB SSD | Intel Grafik | Windows 11 | QWERTZ Tastatur | AG15-72P-792F",5103.63,4.4,28.0,,https://m.media-amazon.com/images/I/71-+hjZgBlL._AC_UY218_.jpg
B0B2RDTY4P,"Lenovo 15,6 Zoll Full-HD Notebook - Intel N4500 2x2.80 GHz, 8GB DDR4, 512 GB SSD, Intel UHD, HDMI, Webcam, Bluetooth, USB 3.0, WLAN, Windows 11 Prof. 64 Bit Laptop - #7003",2614.68,4.2,2372.0,,https://m.media-amazon.com/images/I/51LkNOI6+lL._AC_UY218_.jpg
B0DS5N6MWW,"ASUS Vivobook 18 M1807HA Laptop | 18"" WUXGA 16:10 IPS Display | AMD Ryzen 7 260 | 16GB RAM | 1TB SSD | AMD Radeon 780M | Win11 Home | QWERTZ | Quiet Blue (AC Adapter Sold Separately)",6038.16,4.5,66.0,,https://m.media-amazon.com/images/I/616vzLQsfTL._AC_UY218_.jpg
B0FHQTJF29,HP OmniBook 3 Next Gen AI PC 15-fn0523ng | Copilot+ PC | 15.6 Zoll FHD Display (1920 x 1080) | AMD Ryzen AI 5 330 (50 NPU-Tops) | 16GB RAM | 512GB SSD | QWERTZ Tastatur | Windows 11 Home | Silber,4153.71,3.6,16.0,,https://m.media-amazon.com/images/I/71na9ST8e9L._AC_UY218_.jpg
B0G4LF8B86,"Laptop 15,6 Zoll, 16 GB RAM 512 GB SSD, N95-CPU (bis zu 3,4 GHz), hintergrundbeleuchteter Tastatur-Laptop, Win11 Laptops, Typ-C, 5G WiFi, BT 5.0, Typ-C, HDMI, USB, Maus inkl.",2335.86,4.0,141.0,,https://m.media-amazon.com/images/I/71p9E0o0HxL._AC_UY218_.jpg
B0HF4PYLXW,"Auusda Laptop 16 Zoll Notebook, 16 GB RAM, 512 GB SSD, Prozessor R5 3500U(stärker als i5-13420H, bis zu 3.7GHz) FHD Display, Fingerabdrucksensor, BT5.3, Wifi6, Full-Function Type-C",3297.82,5.0,2.0,,https://m.media-amazon.com/images/I/71kjNfGM4mL._AC_UY218_.jpg
B0GMR9FCWZ,"Lenovo IdeaPad Slim 3 | Laptop | Ryzen 5 | 16GB | 512GB | Ohne Netzteil | 15.3"" WUXGA Display | AMD Ryzen 5 150 | 512GB SSD | 16GB RAM | AMD Radeon 660M Grafik | QWERTZ | Windows 11 | Grau",4711.04,5.0,1.0,,https://m.media-amazon.com/images/I/51Zi2V8r64L._AC_UY218_.jpg
B0FXMWTDVP,"Acer Aspire 17 | Laptop | Intel Core 5 | 32GB | 1TB | mit Netzteil | 17"" FHD IPS Display | Intel Core 5 120U | 32GB RAM | 1TB GB SSD | Intel Grafik | Windows 11 | QWERTZ Tastatur | A17-51M-52TS",6901.89,4.5,98.0,,https://m.media-amazon.com/images/I/71n1cFODugL._AC_UY218_.jpg
B09BJQLYKM,"ASUS Chromebook CX14 CX1405CTA-NK0438 | Laptop | N150 | 4GB | 128GB | 14"" FHD | Intel N150 | Intel UHD | 4GB RAM | 128GB eMMC | ChromeOS | QWERTZ | ohne Netzteil",1955.09,4.3,74.0,,https://m.media-amazon.com/images/I/71uEhneF4HL._AC_UY218_.jpg
B0GR6877WY,"Apple 13"" MacBook Neo Laptop mit A18 Pro Chip: Entwickelt für KI und Apple Intelligence, Liquid Retina Display, 8 GB gemeinsamem Arbeitsspeicher, 256 GB SSD Speicher, 1080p FaceTime HD Kamera; Indigo",5252.91,4.7,304.0,,https://m.media-amazon.com/images/I/61q6XUpxQkL._AC_UY218_.jpg
B0H1427K3T,"2026 Laptop Computer Notebook QWERTY mit Deutscher Tastaturfolie,15.6"" IPS FHD Display,8GB RAM 256GB SSD,Celeron N5100,WiFi5,BT5.0,USB3.0,Beleuchtete Tastatur,Fingerprint für Büro & Studenten,Silber",2355.45,4.0,203.0,,https://m.media-amazon.com/images/I/71Tk8JBCxvL._AC_UY218_.jpg
B0H5JKDB98,"jumper 2026 Gaming Laptop 17,6 Zoll IPS 1920X1200, 16GB DDR4 RAM 512GB SSD, AMD R5 3500U(bis zu 3,7GHz), Leuchtende Tastatur, Leichte Business und Studenten Notebook, Vollfunktionale Typ-C/HDMI/WiFi6",4553.84,4.6,35.0,,https://m.media-amazon.com/images/I/81pF2z5BafL._AC_UY218_.jpg
B0GD84F9FS,"Lenovo IdeaPad Slim 5 | Laptop | Intel Ultra 9 | 32GB | 1TB | Ohne Netzteil | 14"" WUXGA OLED Display | Intel Core Ultra 9 185H,16C | 1TBSSD | 32GB RAM | Intel Arc Grafik | QWERTZ | Windows 11 | Grau",8479.94,4.1,111.0,,https://m.media-amazon.com/images/I/51-Qyt7Fw4L._AC_UY218_.jpg
